datetime,season,holiday,workingday,weather,temp,atemp,humidity,windspeed,casual,registered,count
2012-08-15 00:00:00,3,0,1,1,28.7,32.575,61,12.998,8,52,60
2011-05-15 20:00:00,2,0,0,1,22.14,25.76,88,0,53,138,191
2011-11-02 18:00:00,4,0,1,1,17.22,21.21,71,11.0014,31,448,479
2012-09-02 16:00:00,3,0,0,1,30.34,34.85,70,0,222,252,474
2012-02-06 02:00:00,1,0,1,1,9.02,13.635,75,0,0,3,3
2012-02-07 04:00:00,1,0,1,2,12.3,16.665,70,0,0,3,3
2012-10-08 21:00:00,4,1,0,2,16.4,20.455,76,15.0013,17,134,151
2012-07-05 00:00:00,3,0,1,1,30.34,33.335,51,7.0015,17,71,88
2012-06-03 01:00:00,2,0,0,1,22.14,25.76,56,8.9981,21,100,121
2012-07-01 02:00:00,3,0,0,1,29.52,34.85,74,6.0032,21,69,90
2011-01-04 17:00:00,1,0,1,1,11.48,13.635,48,15.0013,10,202,212
2011-07-18 17:00:00,3,0,1,1,34.44,39.395,49,22.0028,72,473,545
2011-08-18 03:00:00,3,0,1,1,27.06,31.06,69,19.0012,0,6,6
2011-12-16 23:00:00,4,0,1,2,12.3,15.15,49,8.9981,4,71,75
2011-07-05 00:00:00,3,0,1,2,28.7,32.575,65,11.0014,19,36,55
2011-05-15 19:00:00,2,0,0,1,22.96,26.515,83,7.0015,78,153,231
2011-12-19 11:00:00,4,0,1,1,10.66,12.12,65,16.9979,22,105,127
2011-11-19 01:00:00,4,0,0,1,10.66,11.365,52,19.9995,1,34,35
2012-09-13 11:00:00,3,0,1,1,27.06,31.06,50,11.0014,71,183,254
2011-01-04 06:00:00,1,0,1,1,4.92,7.575,74,7.0015,0,36,36
2012-09-11 17:00:00,3,0,1,1,28.7,31.82,28,0,168,802,970
2012-08-03 09:00:00,3,0,1,2,30.34,34.85,66,7.0015,69,327,396
2011-08-07 18:00:00,3,0,0,1,29.52,34.85,74,6.0032,74,155,229
2011-02-13 02:00:00,1,0,0,2,8.2,11.365,75,6.0032,1,19,20
2011-05-07 14:00:00,2,0,0,3,24.6,31.06,35,11.0014,143,235,378
2012-07-13 09:00:00,3,0,1,2,29.52,33.335,51,0,70,344,414
2012-12-14 14:00:00,4,0,1,1,16.4,20.455,43,12.998,48,251,299
2011-04-14 01:00:00,2,0,1,1,15.58,19.695,76,15.0013,1,9,10
2012-01-13 09:00:00,1,0,1,1,9.02,9.85,47,26.0027,10,204,214
2012-08-12 14:00:00,3,0,0,1,31.16,34.09,40,12.998,213,366,579
2011-11-12 17:00:00,4,0,0,1,20.5,24.24,34,16.9979,92,193,285
2012-12-14 07:00:00,4,0,1,1,8.2,10.605,72,7.0015,3,305,308
2011-10-09 10:00:00,4,0,0,1,22.96,26.515,68,6.0032,155,210,365
2011-10-04 22:00:00,4,0,1,1,20.5,24.24,72,8.9981,8,106,114
2012-05-12 01:00:00,2,0,0,1,20.5,24.24,48,0,14,79,93
2012-03-04 01:00:00,1,0,0,2,15.58,19.695,34,12.998,16,60,76
2012-08-17 21:00:00,3,0,1,2,27.88,12.12,69,19.9995,57,198,255
2012-02-08 01:00:00,1,0,1,1,11.48,13.635,61,11.0014,1,9,10
2012-08-07 03:00:00,3,0,1,1,28.7,33.335,84,0,0,6,6
2012-06-02 08:00:00,2,0,0,1,22.14,25.76,64,11.0014,30,180,210
2011-03-08 02:00:00,1,0,1,1,9.84,12.12,52,8.9981,1,0,1
2011-02-11 19:00:00,1,0,1,1,10.66,15.15,33,0,7,94,101
2011-06-11 17:00:00,2,0,0,2,30.34,34.09,58,11.0014,147,190,337
2012-01-08 16:00:00,1,0,0,1,16.4,20.455,37,19.9995,58,256,314
2012-07-10 15:00:00,3,0,1,1,32.8,35.605,41,15.0013,77,188,265
2011-05-10 23:00:00,2,0,1,2,21.32,25,59,8.9981,9,72,81
2012-07-07 20:00:00,3,0,0,1,36.9,40.91,37,11.0014,79,197,276
2011-05-05 10:00:00,2,0,1,1,20.5,24.24,39,19.0012,30,98,128
2011-05-07 11:00:00,2,0,0,1,22.96,26.515,43,0,132,215,347
2012-11-17 14:00:00,4,0,0,1,17.22,21.21,38,12.998,175,380,555
2011-07-09 21:00:00,3,0,0,1,30.34,34.09,58,11.0014,83,155,238
2011-11-01 00:00:00,4,0,1,2,14.76,17.425,87,11.0014,3,18,21
2012-07-11 15:00:00,3,0,1,1,32.8,35.605,41,16.9979,56,220,276
2011-03-07 19:00:00,1,0,1,1,12.3,14.395,33,15.0013,11,134,145
2011-02-14 20:00:00,1,0,1,1,14.76,15.91,46,31.0009,5,65,70
2011-04-08 10:00:00,2,0,1,2,14.76,16.665,71,19.0012,10,63,73
2012-02-16 23:00:00,1,0,1,1,13.12,16.665,81,6.0032,3,70,73
2012-08-14 02:00:00,3,0,1,2,27.88,31.82,83,12.998,2,9,11
2011-07-01 23:00:00,3,0,1,1,27.88,31.82,47,6.0032,44,96,140
2012-03-18 17:00:00,1,0,0,1,22.96,26.515,64,6.0032,233,308,541
2011-04-08 12:00:00,2,0,1,3,15.58,19.695,66,15.0013,29,51,80
2011-11-03 11:00:00,4,0,1,1,18.04,21.97,67,12.998,12,108,120
2012-05-10 16:00:00,2,0,1,1,23.78,27.275,30,31.0009,87,334,421
2011-01-02 16:00:00,1,0,0,3,13.94,16.665,71,11.0014,9,67,76
2012-09-15 20:00:00,3,0,0,1,24.6,31.06,43,6.0032,89,241,330
2012-12-19 00:00:00,4,0,1,1,12.3,15.91,61,0,6,35,41
2012-09-16 11:00:00,3,0,0,1,26.24,31.06,47,11.0014,183,376,559
2012-03-09 20:00:00,1,0,1,1,15.58,19.695,32,23.9994,3,156,159
2011-02-06 23:00:00,1,0,0,1,9.84,14.395,65,0,4,26,30
2011-02-08 16:00:00,1,0,1,1,9.02,9.09,35,35.0008,4,79,83
2011-04-18 20:00:00,2,0,1,1,24.6,31.06,33,19.9995,29,136,165
2011-09-13 09:00:00,3,0,1,1,26.24,30.305,69,6.0032,35,179,214
2011-04-16 02:00:00,2,0,0,2,14.76,17.425,87,8.9981,5,19,24
2011-05-17 10:00:00,2,0,1,3,22.14,25.76,88,16.9979,31,73,104
2012-10-17 08:00:00,4,0,1,2,16.4,20.455,76,0,38,779,817
2012-02-16 20:00:00,1,0,1,2,13.12,16.665,87,8.9981,5,211,216
2011-02-11 09:00:00,1,0,1,1,4.92,6.06,74,15.0013,8,132,140
2011-08-05 01:00:00,3,0,1,1,26.24,29.545,78,6.0032,3,16,19
2011-03-04 05:00:00,1,0,1,2,6.56,9.09,74,8.9981,0,7,7
2012-08-13 05:00:00,3,0,1,1,26.24,30.305,69,7.0015,3,33,36
2011-01-12 15:00:00,1,0,1,1,8.2,8.335,47,27.9993,1,48,49
2012-11-07 09:00:00,4,0,1,2,10.66,12.12,60,19.0012,17,351,368
2011-10-13 06:00:00,4,0,1,3,22.14,25.76,100,6.0032,1,51,52
2011-03-11 13:00:00,1,0,1,1,14.76,16.665,53,16.9979,15,92,107
2011-04-11 05:00:00,2,0,1,1,18.86,22.725,94,12.998,1,12,13
2011-10-15 17:00:00,4,0,0,1,23.78,27.275,32,19.0012,177,264,441
2011-06-17 06:00:00,2,0,1,1,22.96,26.515,94,0,8,89,97
2012-03-18 02:00:00,1,0,0,2,18.86,22.725,82,7.0015,15,41,56
2012-04-19 21:00:00,2,0,1,1,21.32,25,55,7.0015,27,240,267
2011-12-19 13:00:00,4,0,1,1,13.94,15.15,49,22.0028,15,127,142
2012-01-01 10:00:00,1,0,0,1,12.3,15.91,81,7.0015,18,52,70
2012-11-17 19:00:00,4,0,0,1,13.94,17.425,53,6.0032,45,208,253
2012-10-01 17:00:00,4,0,1,3,22.96,26.515,60,16.9979,65,791,856
2011-11-19 05:00:00,4,0,0,1,9.84,11.365,56,16.9979,0,2,2
2012-04-15 18:00:00,2,0,0,1,28.7,31.82,42,16.9979,184,295,479
2011-01-15 02:00:00,1,0,0,2,6.56,9.85,59,6.0032,0,12,12
2011-04-09 08:00:00,2,0,0,2,13.12,15.15,93,11.0014,7,47,54
2012-07-09 14:00:00,3,0,1,2,30.34,34.09,55,16.9979,58,184,242
2012-10-13 19:00:00,4,0,0,1,18.04,21.97,44,11.0014,73,259,332
2012-09-13 01:00:00,3,0,1,1,22.14,25.76,77,6.0032,6,22,28
2012-06-13 12:00:00,2,0,1,2,27.88,31.82,44,27.9993,93,241,334
2011-12-04 23:00:00,4,0,0,1,13.94,17.425,87,7.0015,3,42,45
2012-02-12 01:00:00,1,0,0,3,3.28,2.275,79,31.0009,0,24,24
2011-01-16 19:00:00,1,0,0,1,7.38,9.85,47,8.9981,14,47,61
2011-09-13 02:00:00,3,0,1,1,24.6,28.79,78,0,2,0,2
2012-10-17 13:00:00,4,0,1,2,22.14,25.76,49,8.9981,73,237,310
2012-12-06 05:00:00,4,0,1,1,9.02,10.605,55,19.0012,0,32,32
2012-01-03 03:00:00,1,0,1,1,6.56,6.82,55,19.0012,0,2,2
2011-11-16 21:00:00,4,0,1,3,18.04,21.97,88,19.0012,3,72,75
2011-07-05 08:00:00,3,0,1,1,29.52,34.09,62,8.9981,41,391,432
2011-07-14 11:00:00,3,0,1,1,29.52,32.575,37,15.0013,38,110,148
2012-05-02 14:00:00,2,0,1,1,25.42,30.305,69,6.0032,51,189,240
2011-02-13 11:00:00,1,0,0,1,13.12,14.395,39,30.0026,26,86,112
2011-04-19 12:00:00,2,0,1,2,22.14,25.76,64,6.0032,19,84,103
2011-01-09 17:00:00,1,0,0,1,7.38,7.575,37,26.0027,3,59,62
2011-08-09 18:00:00,3,0,1,1,32.8,37.88,55,12.998,97,488,585
2011-07-15 12:00:00,3,0,1,1,28.7,32.575,48,12.998,61,177,238
2012-02-08 17:00:00,1,0,1,3,9.84,12.88,87,7.0015,8,147,155
2011-10-05 14:00:00,4,0,1,1,26.24,31.06,41,19.0012,34,156,190
2012-04-02 09:00:00,2,0,1,1,15.58,19.695,54,23.9994,52,265,317
2011-02-15 08:00:00,1,0,1,1,8.2,9.09,32,23.9994,10,213,223
2011-04-13 07:00:00,2,0,1,3,14.76,17.425,100,15.0013,3,67,70
2011-03-18 18:00:00,1,0,1,1,27.88,31.82,39,11.0014,84,247,331
2012-10-12 08:00:00,4,0,1,1,17.22,21.21,71,6.0032,34,711,745
2011-03-10 13:00:00,1,0,1,3,17.22,21.21,0,15.0013,1,11,12
2011-01-19 18:00:00,1,0,1,1,13.94,15.91,61,19.0012,5,156,161
2012-03-10 10:00:00,1,0,0,1,10.66,11.365,35,27.9993,47,176,223
2011-10-14 02:00:00,4,0,1,1,22.96,26.515,94,11.0014,0,6,6
2012-03-10 03:00:00,1,0,0,1,10.66,11.365,41,19.9995,0,16,16
2011-04-01 20:00:00,2,0,1,1,13.12,15.91,53,12.998,2,75,77
2011-05-11 14:00:00,2,0,1,1,25.42,31.06,53,6.0032,36,141,177
2011-03-02 16:00:00,1,0,1,1,22.14,25.76,19,22.0028,27,112,139
2012-04-17 00:00:00,2,0,1,1,27.06,31.06,54,12.998,10,33,43
2011-03-05 23:00:00,1,0,0,2,18.04,21.97,77,19.9995,10,34,44
2012-01-14 14:00:00,1,0,0,1,9.84,10.605,41,19.9995,52,179,231
2011-12-04 05:00:00,4,0,0,1,10.66,15.15,81,0,2,2,4
2012-02-03 07:00:00,1,0,1,1,9.84,11.365,65,15.0013,10,216,226
2011-01-13 15:00:00,1,0,1,1,9.84,10.605,38,19.9995,5,55,60
2011-02-18 06:00:00,1,0,1,2,18.04,21.97,72,11.0014,2,48,50
2011-05-11 13:00:00,2,0,1,1,25.42,31.06,50,0,36,157,193
2012-01-08 21:00:00,1,0,0,1,11.48,13.635,56,15.0013,10,81,91
2012-09-15 06:00:00,3,0,0,1,22.14,25.76,49,27.9993,6,27,33
2011-02-13 23:00:00,1,0,0,1,16.4,20.455,35,23.9994,3,27,30
2011-04-15 06:00:00,2,1,0,1,14.76,18.18,81,6.0032,5,42,47
2012-04-01 22:00:00,2,0,0,3,20.5,24.24,63,7.0015,7,61,68
2011-02-19 06:00:00,1,0,0,1,16.4,20.455,17,27.9993,3,3,6
2011-03-05 12:00:00,1,0,0,2,18.04,21.97,67,16.9979,46,121,167
2011-07-15 17:00:00,3,0,1,1,30.34,33.335,42,16.9979,104,483,587
2011-09-12 13:00:00,3,0,1,1,29.52,33.335,54,7.0015,43,120,163
2012-09-19 20:00:00,3,0,1,1,21.32,25,48,11.0014,31,378,409
2011-12-07 02:00:00,4,0,1,3,18.86,22.725,100,15.0013,2,4,6
2011-07-10 04:00:00,3,0,0,1,27.06,31.06,69,6.0032,0,5,5
2012-12-18 07:00:00,4,0,1,1,14.76,17.425,93,8.9981,4,351,355
2011-06-14 14:00:00,2,0,1,2,26.24,31.06,47,12.998,41,118,159
2011-05-15 05:00:00,2,0,0,3,21.32,25,100,7.0015,3,11,14
2012-03-08 21:00:00,1,0,1,1,24.6,31.06,43,26.0027,27,206,233
2012-03-01 03:00:00,1,0,1,1,18.86,22.725,94,15.0013,0,3,3
2012-05-18 01:00:00,2,0,1,1,20.5,24.24,59,6.0032,16,33,49
2011-10-15 13:00:00,4,0,0,1,24.6,31.06,35,31.0009,171,223,394
2011-02-13 20:00:00,1,0,0,1,16.4,20.455,35,22.0028,15,32,47
2011-06-12 19:00:00,2,0,0,1,28.7,33.335,74,7.0015,67,156,223
2012-03-10 17:00:00,1,0,0,1,14.76,18.94,23,0,104,250,354
2012-10-16 07:00:00,4,0,1,1,17.22,21.21,67,6.0032,20,505,525
2012-12-18 21:00:00,4,0,1,1,14.76,17.425,50,15.0013,9,159,168
2011-05-02 12:00:00,2,0,1,1,25.42,30.305,69,15.0013,40,147,187
2012-09-09 00:00:00,3,0,0,2,22.96,26.515,73,12.998,18,106,124
2012-04-05 01:00:00,2,0,1,1,19.68,23.485,27,22.0028,4,9,13
2011-04-09 14:00:00,2,0,0,2,14.76,17.425,81,8.9981,94,118,212
2011-09-03 14:00:00,3,0,0,2,29.52,34.09,66,11.0014,204,176,380
2011-08-03 17:00:00,3,0,1,2,28.7,33.335,79,0,47,378,425
2012-03-06 18:00:00,1,0,1,1,13.94,15.15,42,22.0028,15,442,457
2011-06-17 14:00:00,2,0,1,1,31.16,34.85,52,12.998,73,142,215
2011-06-18 22:00:00,2,0,0,2,29.52,34.09,62,8.9981,56,105,161
2012-11-04 06:00:00,4,0,0,1,11.48,14.395,61,8.9981,2,14,16
2011-12-10 00:00:00,4,0,0,2,10.66,13.635,81,7.0015,11,66,77
2011-07-01 22:00:00,3,0,1,1,28.7,31.82,42,0,49,173,222
2012-08-17 22:00:00,3,0,1,3,27.06,12.12,83,12.998,43,170,213
2011-03-08 06:00:00,1,0,1,1,8.2,12.88,59,0,3,42,45
2011-09-13 12:00:00,3,0,1,1,29.52,33.335,58,15.0013,43,144,187
2012-09-05 05:00:00,3,0,1,2,28.7,33.335,79,19.9995,1,39,40
2011-09-18 21:00:00,3,0,0,2,22.14,25.76,68,6.0032,37,110,147
2011-08-09 20:00:00,3,0,1,1,32.8,36.365,43,12.998,34,258,292
2011-03-06 08:00:00,1,0,0,2,16.4,20.455,100,19.9995,1,8,9
2012-11-10 22:00:00,4,0,0,1,15.58,19.695,71,6.0032,39,154,193
2011-10-09 14:00:00,4,0,0,1,27.88,31.82,47,11.0014,272,228,500
2012-09-14 19:00:00,3,0,1,1,27.88,31.82,57,11.0014,83,496,579
2011-06-04 20:00:00,2,0,0,2,28.7,32.575,48,6.0032,90,149,239
2012-01-12 21:00:00,1,0,1,1,18.04,21.97,67,8.9981,12,162,174
2012-09-13 16:00:00,3,0,1,1,29.52,32.575,39,6.0032,85,406,491
2012-04-01 04:00:00,2,0,0,2,13.94,17.425,81,6.0032,3,9,12
2011-08-18 05:00:00,3,0,1,1,26.24,29.545,78,19.0012,0,27,27
2012-09-12 17:00:00,3,0,1,1,28.7,31.82,41,19.9995,114,811,925
2011-03-12 09:00:00,1,0,0,1,11.48,14.395,65,7.0015,25,76,101
2012-03-12 21:00:00,1,0,1,2,22.14,25.76,56,15.0013,22,183,205
2012-02-16 09:00:00,1,0,1,2,12.3,15.15,70,11.0014,3,199,202
2011-01-05 01:00:00,1,0,1,1,6.56,9.85,74,6.0032,0,6,6
2011-09-07 22:00:00,3,0,1,3,25.42,27.275,94,11.0014,3,26,29
2012-02-18 21:00:00,1,0,0,1,18.04,21.97,33,19.9995,25,89,114
2011-06-07 17:00:00,2,0,1,1,32.8,36.365,43,16.9979,64,475,539
2011-04-01 19:00:00,2,0,1,1,13.94,15.15,49,22.0028,16,120,136
2012-09-07 06:00:00,3,0,1,1,25.42,28.03,88,7.0015,5,135,140
2012-09-04 17:00:00,3,0,1,1,31.16,36.365,70,23.9994,110,746,856
2012-07-08 02:00:00,3,0,0,1,33.62,38.635,52,7.0015,11,59,70
2011-07-13 10:00:00,3,0,1,1,33.62,37.88,46,12.998,33,80,113
2012-06-07 07:00:00,2,0,1,1,20.5,24.24,82,11.0014,20,506,526
2012-05-06 13:00:00,2,0,0,2,24.6,30.305,64,0,197,368,565
2012-11-14 00:00:00,4,0,1,1,10.66,12.12,56,19.0012,4,20,24
2011-07-19 08:00:00,3,0,1,2,31.16,36.365,70,11.0014,31,381,412
2012-10-10 15:00:00,4,0,1,1,24.6,31.06,40,11.0014,58,261,319
2011-04-12 14:00:00,2,0,1,2,20.5,24.24,82,19.0012,16,28,44
2011-01-07 02:00:00,1,0,1,2,8.2,9.85,69,15.0013,0,1,1
2011-06-10 23:00:00,2,0,1,1,29.52,34.85,74,11.0014,36,110,146
2012-06-11 01:00:00,2,0,1,1,27.06,31.06,74,11.0014,9,15,24
2012-08-06 01:00:00,3,0,1,1,29.52,34.85,79,6.0032,1,10,11
2011-07-16 02:00:00,3,0,0,1,24.6,29.545,73,8.9981,10,48,58
2012-03-17 00:00:00,1,0,0,2,18.04,21.97,94,6.0032,13,87,100
2011-11-09 01:00:00,4,0,1,1,13.94,18.18,87,0,0,10,10
2012-07-18 10:00:00,3,0,1,1,36.9,42.425,42,12.998,39,99,138
2012-12-14 17:00:00,4,0,1,1,13.94,16.665,57,11.0014,40,582,622
2012-03-01 08:00:00,1,0,1,1,17.22,21.21,94,8.9981,15,579,594
2011-06-19 15:00:00,2,0,0,2,30.34,34.09,55,7.0015,146,216,362
2012-09-07 17:00:00,3,0,1,1,31.98,37.12,59,22.0028,88,684,772
2011-08-13 01:00:00,3,0,0,2,27.88,31.82,57,6.0032,13,64,77
2011-11-14 15:00:00,4,0,1,1,26.24,31.06,44,22.0028,53,142,195
2012-05-03 23:00:00,2,0,1,1,24.6,28.03,83,0,21,100,121
2011-08-17 13:00:00,3,0,1,1,32.8,35.605,41,12.998,38,138,176
2012-08-10 21:00:00,3,0,1,1,30.34,34.85,66,16.9979,50,236,286
2011-06-18 10:00:00,2,0,0,1,29.52,34.09,62,12.998,68,176,244
2011-07-17 07:00:00,3,0,0,1,26.24,30.305,73,11.0014,20,30,50
2011-03-14 13:00:00,1,0,1,1,15.58,19.695,36,22.0028,24,51,75
2012-06-17 09:00:00,2,0,0,1,22.96,26.515,68,11.0014,91,183,274
2011-11-12 11:00:00,4,0,0,1,15.58,19.695,54,19.0012,102,213,315
2011-02-17 09:00:00,1,0,1,1,14.76,17.425,57,12.998,16,163,179
2011-12-13 11:00:00,4,0,1,1,13.94,15.91,46,16.9979,9,115,124
2011-05-13 03:00:00,2,0,1,2,20.5,24.24,88,8.9981,2,2,4
2012-07-04 22:00:00,3,1,0,1,33.62,39.395,56,15.0013,175,327,502
2012-10-09 00:00:00,4,0,1,2,15.58,19.695,82,15.0013,9,22,31
2012-09-06 13:00:00,3,0,1,2,29.52,34.85,79,7.0015,39,152,191
2011-02-03 10:00:00,1,0,1,1,7.38,7.575,43,22.0028,2,50,52
2012-02-14 06:00:00,1,0,1,2,10.66,15.15,56,0,1,89,90
2011-03-07 10:00:00,1,0,1,1,9.84,10.605,60,19.9995,15,43,58
2011-01-09 15:00:00,1,0,0,1,9.02,9.85,35,23.9994,5,77,82
2011-10-17 21:00:00,4,0,1,1,20.5,24.24,77,7.0015,36,141,177
2011-06-06 19:00:00,2,0,1,1,29.52,33.335,54,12.998,64,343,407
2012-11-16 21:00:00,4,0,1,1,13.94,16.665,49,12.998,21,157,178
2012-02-01 06:00:00,1,0,1,3,16.4,20.455,54,11.0014,0,67,67
2011-02-17 18:00:00,1,0,1,2,22.14,25.76,42,19.0012,11,211,222
2011-04-01 18:00:00,2,0,1,1,13.94,15.15,46,22.0028,36,205,241
2011-07-17 20:00:00,3,0,0,1,31.16,35.605,58,16.9979,85,177,262
2012-02-17 06:00:00,1,0,1,2,11.48,14.395,96,8.9981,1,70,71
2012-05-13 04:00:00,2,0,0,2,22.14,25.76,68,12.998,2,7,9
2011-11-02 13:00:00,4,0,1,1,19.68,23.485,48,11.0014,22,139,161
2011-11-14 09:00:00,4,0,1,2,19.68,23.485,67,22.0028,29,204,233
2012-06-09 07:00:00,2,0,0,1,23.78,27.275,64,7.0015,26,61,87
2011-05-07 21:00:00,2,0,0,1,22.14,25.76,49,15.0013,58,124,182
2012-01-14 05:00:00,1,0,0,1,5.74,7.575,50,8.9981,0,4,4
2012-04-01 17:00:00,2,0,0,1,21.32,25,55,19.0012,232,323,555
2011-07-03 04:00:00,3,0,0,3,27.88,31.82,65,6.0032,3,2,5
2011-07-06 06:00:00,3,0,1,1,28.7,33.335,79,6.0032,9,112,121
2011-06-08 12:00:00,2,0,1,1,36.08,40.91,42,8.9981,15,134,149
2012-12-19 21:00:00,4,0,1,1,13.94,15.91,61,15.0013,4,164,168
2012-02-04 11:00:00,1,0,0,1,12.3,16.665,70,0,46,224,270
2011-11-10 06:00:00,4,0,1,2,14.76,17.425,100,8.9981,4,110,114
2012-05-04 19:00:00,2,0,1,1,28.7,32.575,51,8.9981,64,388,452
2011-01-04 02:00:00,1,0,1,1,5.74,7.575,63,8.9981,0,1,1
2011-11-07 14:00:00,4,0,1,1,22.96,26.515,37,11.0014,30,115,145
2011-11-17 23:00:00,4,0,1,1,10.66,12.88,52,15.0013,0,58,58
2011-05-14 20:00:00,2,0,0,3,22.14,25.76,94,8.9981,42,115,157
2012-09-09 12:00:00,3,0,0,1,27.06,31.06,47,0,247,510,757
2012-11-16 20:00:00,4,0,1,1,14.76,16.665,46,16.9979,20,207,227
2011-05-02 03:00:00,2,0,1,1,18.04,21.97,77,8.9981,9,7,16
2011-02-04 23:00:00,1,0,1,2,9.84,12.12,70,8.9981,1,30,31
2012-05-19 17:00:00,2,0,0,1,30.34,32.575,30,6.0032,279,347,626
2011-10-12 05:00:00,4,0,1,2,22.14,25.76,88,22.0028,0,22,22
2011-01-07 06:00:00,1,0,1,2,8.2,12.88,69,0,8,26,34
2012-08-19 09:00:00,3,0,0,2,27.06,31.06,74,0,86,184,270
2011-10-10 08:00:00,4,1,0,1,21.32,25,83,0,27,227,254
2012-06-03 14:00:00,2,0,0,1,27.88,31.82,36,22.0028,267,411,678
2011-01-08 03:00:00,1,0,0,3,7.38,9.85,55,11.0014,0,7,7
2011-10-19 21:00:00,4,0,1,2,23.78,27.275,94,8.9981,6,79,85
2011-03-02 11:00:00,1,0,1,1,13.94,15.15,53,22.0028,8,65,73
2011-06-09 03:00:00,2,0,1,2,29.52,35.605,84,7.0015,0,2,2
2011-11-02 05:00:00,4,0,1,1,12.3,16.665,81,0,0,27,27
2012-02-16 07:00:00,1,0,1,2,12.3,15.15,70,8.9981,3,285,288
2012-03-09 18:00:00,1,0,1,1,18.04,21.97,26,35.0008,30,440,470
2011-04-18 05:00:00,2,0,1,1,16.4,20.455,76,6.0032,0,16,16
2012-11-08 10:00:00,4,0,1,1,13.12,15.15,31,22.0028,13,148,161
2012-01-18 23:00:00,1,0,1,1,6.56,6.82,47,19.9995,2,36,38
2011-01-02 15:00:00,1,0,0,3,13.94,16.665,81,11.0014,19,55,74
2012-06-04 13:00:00,2,0,1,1,26.24,31.06,41,23.9994,85,189,274
2011-09-10 14:00:00,3,0,0,1,30.34,34.09,55,19.0012,129,230,359
2012-03-04 03:00:00,1,0,0,2,14.76,17.425,43,8.9981,5,21,26
2011-09-09 22:00:00,3,0,1,1,25.42,27.275,94,0,33,127,160
2011-04-08 17:00:00,2,0,1,3,13.12,15.15,93,16.9979,10,138,148
2012-10-08 15:00:00,4,1,0,3,17.22,21.21,58,12.998,76,294,370
2011-06-03 21:00:00,2,0,1,1,26.24,31.06,29,7.0015,51,196,247
2011-03-02 01:00:00,1,0,1,1,9.02,11.365,69,12.998,0,4,4
2012-08-19 22:00:00,3,0,0,2,25.42,29.545,78,11.0014,6,50,56
2011-04-01 07:00:00,2,0,1,3,9.84,12.12,93,0,4,91,95
2011-11-16 16:00:00,4,0,1,3,19.68,23.485,94,7.0015,13,110,123
2011-11-13 11:00:00,4,0,0,1,18.86,22.725,40,27.9993,108,187,295
2011-09-12 06:00:00,3,0,1,1,22.96,26.515,83,0,1,108,109
2011-10-09 22:00:00,4,0,0,2,21.32,25,94,0,48,104,152
2011-12-16 01:00:00,4,0,1,1,20.5,24.24,72,15.0013,3,28,31
2011-09-12 08:00:00,3,0,1,1,24.6,28.79,78,6.0032,26,382,408
2012-09-02 23:00:00,3,0,0,3,27.06,29.545,89,6.0032,53,70,123
2011-04-05 20:00:00,2,0,1,1,13.94,15.91,46,19.0012,4,87,91
2012-03-14 15:00:00,1,0,1,1,28.7,31.82,24,0,86,197,283
2011-08-11 04:00:00,3,0,1,1,26.24,31.06,57,11.0014,1,4,5
2012-08-16 12:00:00,3,0,1,1,32.8,34.85,33,7.0015,96,247,343
2012-08-07 00:00:00,3,0,1,1,28.7,33.335,84,12.998,15,32,47
2011-03-17 07:00:00,1,0,1,1,13.12,16.665,76,8.9981,12,128,140
2011-12-14 03:00:00,4,0,1,1,11.48,15.91,65,0,0,3,3
2011-04-15 04:00:00,2,1,0,1,15.58,19.695,82,6.0032,0,3,3
2011-03-04 18:00:00,1,0,1,2,13.94,15.15,53,19.9995,15,172,187
2011-08-16 06:00:00,3,0,1,1,25.42,29.545,73,22.0028,4,115,119
2012-06-11 12:00:00,2,0,1,2,32.8,36.365,43,12.998,63,198,261
2012-01-01 15:00:00,1,0,0,1,18.86,22.725,51,19.9995,101,164,265
2012-05-01 22:00:00,2,0,1,1,26.24,30.305,65,0,21,190,211
2011-08-16 05:00:00,3,0,1,1,25.42,29.545,73,19.0012,1,29,30
2011-08-12 22:00:00,3,0,1,1,27.88,31.82,51,0,74,157,231
2012-12-05 04:00:00,4,0,1,1,20.5,24.24,63,30.0026,1,9,10
2012-03-18 09:00:00,1,0,0,2,17.22,21.21,88,6.0032,65,113,178
2011-03-19 23:00:00,1,0,0,1,15.58,19.695,40,19.9995,13,37,50
2011-06-03 20:00:00,2,0,1,1,26.24,31.06,29,11.0014,57,236,293
2011-12-18 15:00:00,4,0,0,1,13.12,15.15,45,19.0012,23,184,207
2012-04-02 23:00:00,2,0,1,1,18.04,21.97,35,11.0014,6,60,66
2012-12-17 05:00:00,4,0,1,2,15.58,19.695,87,0,0,24,24
2011-11-10 00:00:00,4,0,1,1,16.4,20.455,87,0,0,24,24
2012-02-15 20:00:00,1,0,1,1,14.76,17.425,46,11.0014,4,207,211
2011-10-13 21:00:00,4,0,1,1,25.42,28.79,83,12.998,8,115,123
2012-02-19 21:00:00,1,0,0,3,10.66,12.88,65,11.0014,3,33,36
2012-06-18 13:00:00,2,0,1,2,23.78,27.275,73,8.9981,51,174,225
2011-04-05 17:00:00,2,0,1,1,17.22,21.21,38,27.9993,27,246,273
2011-10-01 06:00:00,4,0,0,1,17.22,21.21,67,22.0028,4,15,19
2012-06-18 00:00:00,2,0,1,1,22.96,26.515,73,16.9979,12,28,40
2012-06-13 09:00:00,2,0,1,2,26.24,30.305,69,39.0007,54,298,352
2012-08-04 16:00:00,3,0,0,1,36.9,40.91,39,19.9995,197,253,450
2012-06-08 03:00:00,2,0,1,1,22.14,25.76,60,6.0032,0,8,8
2012-07-01 04:00:00,3,0,0,1,28.7,33.335,79,12.998,0,4,4
2012-12-11 14:00:00,4,0,1,2,15.58,19.695,50,15.0013,19,185,204
2012-10-14 18:00:00,4,0,0,1,23.78,27.275,60,16.9979,134,319,453
2011-08-13 11:00:00,3,0,0,2,30.34,34.85,70,12.998,122,192,314
2011-01-13 03:00:00,1,0,1,1,5.74,6.06,50,22.0028,0,3,3
2011-11-10 18:00:00,4,0,1,2,14.76,17.425,81,11.0014,10,263,273
2012-12-03 07:00:00,4,0,1,2,13.94,18.18,93,0,9,387,396
2012-11-17 23:00:00,4,0,0,2,12.3,15.91,70,7.0015,19,114,133
2012-01-12 10:00:00,1,0,1,1,13.94,17.425,81,7.0015,6,84,90
2012-01-10 11:00:00,1,0,1,1,17.22,21.21,38,19.9995,8,93,101
2011-09-05 13:00:00,3,1,0,2,30.34,34.85,70,8.9981,154,235,389
2011-04-07 07:00:00,2,0,1,2,13.94,16.665,76,11.0014,8,152,160
2011-07-13 13:00:00,3,0,1,3,33.62,37.88,46,8.9981,39,119,158
2012-01-14 22:00:00,1,0,0,1,6.56,6.82,47,23.9994,4,62,66
2011-01-19 06:00:00,1,0,1,2,9.02,12.88,93,6.0032,0,32,32
2011-04-03 22:00:00,2,0,0,1,16.4,20.455,43,7.0015,7,29,36
2012-09-05 01:00:00,3,0,1,1,28.7,33.335,84,12.998,2,11,13
2011-03-19 16:00:00,1,0,0,1,20.5,24.24,31,26.0027,175,129,304
2011-07-08 08:00:00,3,0,1,2,29.52,34.85,74,16.9979,36,421,457
2011-07-12 14:00:00,3,0,1,1,36.9,42.425,42,19.9995,33,91,124
2011-12-07 07:00:00,4,0,1,3,18.04,21.97,100,7.0015,3,43,46
2012-09-05 18:00:00,3,0,1,1,31.16,37.12,75,12.998,82,757,839
2011-04-13 20:00:00,2,0,1,1,18.04,21.97,62,16.9979,7,119,126
2012-03-10 08:00:00,1,0,0,1,9.02,10.605,44,19.9995,15,96,111
2011-06-15 02:00:00,2,0,1,1,21.32,25,63,15.0013,0,9,9
2012-10-17 15:00:00,4,0,1,2,23.78,27.275,43,15.0013,62,239,301
2012-06-11 21:00:00,2,0,1,2,29.52,33.335,58,12.998,32,218,250
2011-02-17 22:00:00,1,0,1,1,20.5,24.24,59,19.0012,8,68,76
2012-11-11 18:00:00,4,0,0,1,21.32,25,45,8.9981,102,303,405
2012-06-06 03:00:00,2,0,1,1,18.86,22.725,82,0,0,8,8
2011-03-17 16:00:00,1,0,1,1,20.5,24.24,48,19.0012,34,108,142
2012-09-15 12:00:00,3,0,0,1,27.06,31.06,36,23.9994,287,419,706
2011-02-01 17:00:00,1,0,1,2,9.84,14.395,75,0,4,172,176
2012-09-11 11:00:00,3,0,1,1,26.24,31.06,33,6.0032,60,187,247
2012-07-04 21:00:00,3,1,0,1,34.44,40.15,53,8.9981,222,362,584
2012-04-10 01:00:00,2,0,1,1,17.22,21.21,50,15.0013,0,9,9
2011-10-03 10:00:00,4,0,1,2,16.4,20.455,66,7.0015,19,82,101
2011-06-05 21:00:00,2,0,0,1,26.24,30.305,73,11.0014,54,111,165
2011-12-08 09:00:00,4,0,1,1,9.84,10.605,52,26.0027,7,218,225
2011-03-11 14:00:00,1,0,1,2,14.76,16.665,50,23.9994,25,64,89
2012-04-03 16:00:00,2,0,1,1,25.42,30.305,21,11.0014,145,340,485
2012-11-14 15:00:00,4,0,1,1,14.76,16.665,43,19.0012,32,228,260
2012-06-18 23:00:00,2,0,1,3,24.6,28.79,78,12.998,17,57,74
2011-03-03 21:00:00,1,0,1,1,7.38,10.605,40,7.0015,3,48,51
2012-04-18 08:00:00,2,0,1,3,20.5,24.24,39,12.998,25,551,576
2012-09-13 12:00:00,3,0,1,1,27.88,31.82,44,7.0015,57,240,297
2012-05-07 15:00:00,2,0,1,2,25.42,31.06,53,19.9995,76,186,262
2012-11-18 06:00:00,4,0,0,1,11.48,13.635,81,11.0014,2,13,15
2012-07-05 02:00:00,3,0,1,1,30.34,33.335,51,0,4,14,18
2012-01-16 23:00:00,1,1,0,3,10.66,11.365,70,19.9995,0,28,28
2012-11-07 23:00:00,4,0,1,3,11.48,13.635,65,15.0013,3,37,40
2012-08-08 13:00:00,3,0,1,2,32.8,37.12,52,0,101,212,313
2011-06-18 08:00:00,2,0,0,1,27.06,30.305,78,6.0032,28,103,131
2011-05-12 10:00:00,2,0,1,2,22.14,25.76,68,15.0013,28,119,147
2012-03-09 14:00:00,1,0,1,1,17.22,21.21,28,31.0009,49,129,178
2012-06-15 14:00:00,2,0,1,1,29.52,32.575,39,12.998,121,255,376
2011-10-10 23:00:00,4,1,0,2,22.14,25.76,88,7.0015,12,63,75
2011-05-09 06:00:00,2,0,1,1,18.04,21.97,72,16.9979,2,87,89
2011-03-16 00:00:00,1,0,1,3,12.3,14.395,93,16.9979,0,8,8
2012-02-05 05:00:00,1,0,0,3,10.66,12.88,81,12.998,0,4,4
2012-11-06 02:00:00,4,0,1,1,9.84,12.88,65,6.0032,0,2,2
2011-03-06 11:00:00,1,0,0,2,17.22,21.21,100,15.0013,18,44,62
2011-05-09 22:00:00,2,0,1,1,21.32,25,68,6.0032,21,95,116
2011-09-04 16:00:00,3,0,0,1,32.8,38.635,59,15.0013,196,141,337
2011-12-16 18:00:00,4,0,1,2,13.12,15.15,45,16.9979,10,285,295
2011-03-06 00:00:00,1,0,0,2,17.22,21.21,77,23.9994,11,41,52
2012-02-12 05:00:00,1,0,0,1,4.1,3.79,49,26.0027,0,3,3
2011-06-08 02:00:00,2,0,1,1,26.24,28.79,89,6.0032,0,7,7
2011-06-01 20:00:00,2,0,1,2,30.34,35.605,79,16.9979,23,233,256
2011-07-02 22:00:00,3,0,0,1,29.52,33.335,51,11.0014,78,123,201
2012-10-03 05:00:00,4,0,1,2,25.42,27.275,94,7.0015,2,32,34
2011-12-17 10:00:00,4,0,0,2,10.66,12.12,52,19.0012,10,171,181
2011-01-17 04:00:00,1,1,0,2,7.38,9.85,43,8.9981,1,2,3
2011-11-12 07:00:00,4,0,0,1,9.02,11.365,75,12.998,3,24,27
2012-11-08 05:00:00,4,0,1,2,12.3,14.395,42,15.0013,0,35,35
2012-10-06 21:00:00,4,0,0,1,18.86,22.725,59,8.9981,78,137,215
2012-04-03 15:00:00,2,0,1,1,24.6,29.545,20,12.998,109,207,316
2011-11-10 20:00:00,4,0,1,2,14.76,16.665,62,19.0012,8,160,168
2012-10-18 12:00:00,4,0,1,2,24.6,31.06,53,16.9979,93,284,377
2011-04-12 08:00:00,2,0,1,3,19.68,23.485,88,26.0027,15,211,226
2012-08-10 19:00:00,3,0,1,1,31.16,35.605,62,19.0012,98,394,492
2011-07-10 11:00:00,3,0,0,1,31.98,36.365,55,12.998,110,177,287
2011-08-11 07:00:00,3,0,1,1,27.06,31.06,54,8.9981,15,292,307
2011-01-08 18:00:00,1,0,0,1,5.74,6.06,39,19.9995,3,52,55
2012-09-18 18:00:00,3,0,1,2,24.6,27.275,88,11.0014,19,262,281
2012-07-18 20:00:00,3,0,1,1,30.34,34.09,62,6.0032,56,310,366
2011-08-06 09:00:00,3,0,0,1,30.34,34.85,70,15.0013,60,155,215
2011-02-06 03:00:00,1,0,0,1,10.66,14.395,60,6.0032,3,10,13
2012-07-18 23:00:00,3,0,1,1,31.16,35.605,58,6.0032,19,112,131
2012-02-16 18:00:00,1,0,1,3,13.94,16.665,87,8.9981,8,345,353
2011-03-15 08:00:00,1,0,1,1,10.66,14.395,70,6.0032,23,259,282
2011-04-09 01:00:00,2,0,0,2,12.3,15.15,87,8.9981,3,17,20
2012-12-09 02:00:00,4,0,0,2,16.4,20.455,87,7.0015,8,70,78
2011-03-06 19:00:00,1,0,0,3,12.3,12.88,100,32.9975,0,11,11
2012-12-12 06:00:00,4,0,1,2,10.66,12.12,60,16.9979,2,126,128
2011-04-11 19:00:00,2,0,1,1,29.52,33.335,51,30.0026,73,211,284
2011-11-03 09:00:00,4,0,1,2,14.76,17.425,81,12.998,9,155,164
2012-08-01 19:00:00,3,0,1,1,30.34,34.85,66,16.9979,88,564,652
2011-12-06 04:00:00,4,0,1,3,18.86,22.725,88,15.0013,0,7,7
2011-04-09 10:00:00,2,0,0,2,13.94,16.665,87,8.9981,43,90,133
2012-08-13 16:00:00,3,0,1,1,32.8,35.605,36,6.0032,116,348,464
2012-06-15 06:00:00,2,0,1,1,22.14,25.76,83,8.9981,9,142,151
2011-11-05 00:00:00,4,0,0,1,13.12,14.395,45,23.9994,4,48,52
2012-10-02 09:00:00,4,0,1,3,23.78,27.275,88,8.9981,3,83,86
2011-04-05 00:00:00,2,0,1,1,25.42,31.06,50,7.0015,10,12,22
2011-10-12 12:00:00,4,0,1,3,22.14,25.76,88,22.0028,9,53,62
2012-01-18 05:00:00,1,0,1,1,13.94,14.395,46,35.0008,0,29,29
2012-08-19 15:00:00,3,0,0,2,26.24,30.305,65,0,89,187,276
2012-08-13 17:00:00,3,0,1,1,32.8,35.605,36,11.0014,102,716,818
2011-12-19 06:00:00,4,0,1,1,6.56,9.09,86,7.0015,0,68,68
2011-07-09 11:00:00,3,0,0,1,31.98,34.85,46,19.9995,101,189,290
2011-06-13 22:00:00,2,0,1,1,25.42,31.06,46,15.0013,20,114,134
2011-08-04 16:00:00,3,0,1,1,31.16,35.605,62,22.0028,70,220,290
2012-09-04 05:00:00,3,0,1,2,27.06,29.545,89,0,1,37,38
2012-04-11 08:00:00,2,0,1,1,12.3,14.395,49,15.0013,14,581,595
2011-09-02 14:00:00,3,0,1,2,28.7,32.575,61,7.0015,75,208,283
2011-05-11 23:00:00,2,0,1,1,18.86,22.725,88,16.9979,12,69,81
2012-02-16 02:00:00,1,0,1,2,12.3,15.91,70,6.0032,1,6,7
2011-07-18 22:00:00,3,0,1,1,31.16,36.365,66,15.0013,36,104,140
2011-10-17 07:00:00,4,0,1,2,20.5,24.24,55,11.0014,10,299,309
2012-05-04 06:00:00,2,0,1,1,22.14,25.76,94,7.0015,8,127,135
2012-07-06 03:00:00,3,0,1,2,30.34,34.85,70,12.998,1,6,7
2012-09-09 09:00:00,3,0,0,1,25.42,30.305,61,16.9979,85,214,299
2011-05-03 13:00:00,2,0,1,2,28.7,32.575,58,40.9973,50,144,194
2012-12-01 16:00:00,4,0,0,2,15.58,19.695,66,0,89,354,443
2012-08-04 17:00:00,3,0,0,1,36.08,39.395,37,19.9995,179,313,492
2011-07-12 12:00:00,3,0,1,1,35.26,39.395,44,19.9995,38,125,163
2012-03-18 04:00:00,1,0,0,2,17.22,21.21,94,11.0014,6,8,14
2011-05-17 15:00:00,2,0,1,1,25.42,30.305,69,30.0026,79,131,210
2011-07-11 01:00:00,3,0,1,1,28.7,32.575,61,19.0012,5,5,10
2011-04-14 21:00:00,2,0,1,1,18.86,22.725,63,8.9981,19,126,145
2012-12-11 18:00:00,4,0,1,1,13.12,15.15,53,15.0013,23,523,546
2012-05-10 09:00:00,2,0,1,1,20.5,24.24,59,31.0009,62,299,361
2012-09-06 10:00:00,3,0,1,3,27.06,29.545,94,8.9981,9,40,49
2012-05-16 15:00:00,2,0,1,2,29.52,33.335,48,7.0015,52,222,274
2012-08-12 07:00:00,3,0,0,1,26.24,30.305,65,8.9981,9,30,39
2011-10-12 15:00:00,4,0,1,3,22.14,25.76,94,16.9979,3,42,45
2012-12-14 00:00:00,4,0,1,1,9.02,12.88,64,6.0032,4,43,47
2011-01-08 22:00:00,1,0,0,1,4.92,5.305,36,26.0027,1,33,34
2011-05-02 05:00:00,2,0,1,2,18.04,21.97,77,8.9981,4,16,20
2011-09-07 20:00:00,3,0,1,3,26.24,28.79,89,6.0032,3,93,96
2012-08-03 23:00:00,3,0,1,1,30.34,35.605,79,8.9981,26,170,196
2012-11-10 16:00:00,4,0,0,1,22.14,25.76,37,0,227,378,605
2011-05-07 16:00:00,2,0,0,1,24.6,31.06,38,12.998,119,223,342
2011-11-06 17:00:00,4,0,0,1,18.04,21.97,62,11.0014,71,185,256
2012-08-02 04:00:00,3,0,1,1,27.06,30.305,83,0,0,9,9
2011-07-12 15:00:00,3,0,1,1,36.9,42.425,42,23.9994,37,111,148
2011-05-03 18:00:00,2,0,1,1,28.7,32.575,48,27.9993,59,485,544
2011-01-12 23:00:00,1,0,1,1,5.74,5.305,59,27.9993,1,19,20
2011-10-19 20:00:00,4,0,1,3,24.6,25.76,94,6.0032,5,140,145
2011-10-18 13:00:00,4,0,1,2,26.24,31.06,38,12.998,48,171,219
2012-08-18 12:00:00,3,0,0,1,31.16,33.335,37,12.998,266,388,654
2012-02-01 20:00:00,1,0,1,1,21.32,25,52,11.0014,10,254,264
2012-02-18 09:00:00,1,0,0,1,9.02,12.12,80,7.0015,22,116,138
2011-04-07 01:00:00,2,0,1,1,17.22,21.21,47,8.9981,2,11,13
2011-07-03 03:00:00,3,0,0,3,27.88,31.82,65,6.0032,8,25,33
2011-02-08 18:00:00,1,0,1,1,8.2,9.09,32,26.0027,1,151,152
2011-11-15 01:00:00,4,0,1,1,22.96,26.515,60,19.9995,5,5,10
2011-06-16 21:00:00,2,0,1,3,25.42,28.79,83,16.9979,34,154,188
2011-10-14 10:00:00,4,0,1,3,22.14,25.76,88,23.9994,17,108,125
2012-04-15 22:00:00,2,0,0,1,27.88,31.82,44,23.9994,37,97,134
2011-08-13 17:00:00,3,0,0,2,29.52,34.85,74,16.9979,97,172,269
2012-04-01 11:00:00,2,0,0,2,16.4,20.455,71,12.998,180,271,451
2011-04-13 19:00:00,2,0,1,1,18.04,21.97,62,16.9979,15,160,175
2012-04-09 22:00:00,2,0,1,2,18.86,22.725,41,32.9975,6,102,108
2011-08-17 00:00:00,3,0,1,1,27.06,31.06,69,6.0032,8,16,24
2011-02-09 23:00:00,1,0,1,3,6.56,7.575,80,12.998,0,37,37
2012-03-09 00:00:00,1,0,1,2,23.78,27.275,49,31.0009,3,51,54
2011-12-17 03:00:00,4,0,0,1,10.66,12.88,60,12.998,4,22,26
2011-12-18 12:00:00,4,0,0,1,10.66,12.88,60,15.0013,26,202,228
2011-01-03 10:00:00,1,0,1,1,7.38,8.335,43,16.9979,11,33,44
2012-04-15 03:00:00,2,0,0,2,21.32,25,59,8.9981,18,27,45
2011-05-13 11:00:00,2,0,1,2,21.32,25,83,11.0014,56,90,146
2011-06-15 09:00:00,2,0,1,1,24.6,31.06,49,0,22,185,207
2012-10-01 05:00:00,4,0,1,1,18.04,21.97,77,0,2,34,36
2011-10-08 16:00:00,4,0,0,1,26.24,31.06,44,6.0032,221,230,451
2011-10-01 22:00:00,4,0,0,2,14.76,17.425,93,15.0013,12,58,70
2012-09-10 07:00:00,3,0,1,1,21.32,25,68,15.0013,20,427,447
2012-08-06 16:00:00,3,0,1,1,34.44,37.88,41,7.0015,88,363,451
2011-07-04 14:00:00,3,1,0,1,32.8,36.365,46,0,235,173,408
2011-12-01 05:00:00,4,0,1,1,10.66,12.12,56,16.9979,1,23,24
2012-12-09 23:00:00,4,0,0,3,14.76,18.18,100,6.0032,3,48,51
2011-01-16 09:00:00,1,0,0,1,9.02,10.605,51,16.9979,3,29,32
2011-08-06 12:00:00,3,0,0,1,32.8,37.88,55,15.0013,130,252,382
2011-05-02 10:00:00,2,0,1,2,22.14,25.76,77,15.0013,31,77,108
2012-10-13 20:00:00,4,0,0,1,16.4,20.455,54,6.0032,57,198,255
2011-09-04 22:00:00,3,0,0,2,29.52,34.85,74,19.0012,70,85,155
2011-12-08 03:00:00,4,0,1,1,10.66,11.365,60,19.9995,0,1,1
2012-02-10 11:00:00,1,0,1,2,11.48,14.395,45,7.0015,19,134,153
2011-04-04 04:00:00,2,0,1,1,15.58,19.695,71,19.9995,1,1,2
2012-09-04 22:00:00,3,0,1,1,30.34,34.85,70,19.0012,25,154,179
2011-06-03 14:00:00,2,0,1,1,28.7,31.82,28,19.0012,66,174,240
2012-04-09 09:00:00,2,0,1,1,18.86,22.725,31,23.9994,50,236,286
2012-05-11 08:00:00,2,0,1,1,18.86,22.725,44,16.9979,41,579,620
2012-10-13 21:00:00,4,0,0,1,16.4,20.455,58,12.998,47,157,204
2012-11-11 05:00:00,4,0,0,1,12.3,15.15,87,8.9981,0,12,12
2011-04-16 11:00:00,2,0,0,3,17.22,21.21,94,30.0026,4,27,31
2012-01-10 16:00:00,1,0,1,1,17.22,21.21,38,23.9994,15,225,240
2011-02-03 05:00:00,1,0,1,1,6.56,6.82,50,19.9995,0,2,2
2011-05-18 17:00:00,2,0,1,1,24.6,29.545,69,8.9981,78,487,565
2011-10-12 02:00:00,4,0,1,2,22.96,26.515,83,19.0012,0,2,2
2012-05-03 14:00:00,2,0,1,1,26.24,30.305,65,12.998,33,171,204
2012-10-18 19:00:00,4,0,1,2,22.96,26.515,68,19.9995,42,471,513
2012-04-08 17:00:00,2,0,0,1,25.42,30.305,22,19.9995,185,226,411
2012-10-18 13:00:00,4,0,1,1,25.42,31.06,53,23.9994,96,236,332
2011-03-01 16:00:00,1,0,1,1,13.94,17.425,34,6.0032,10,92,102
2011-07-08 14:00:00,3,0,1,2,32.8,39.395,63,23.9994,53,163,216
2011-12-16 11:00:00,4,0,1,2,13.94,15.15,42,19.9995,9,135,144
2012-06-17 00:00:00,2,0,0,1,22.96,26.515,56,8.9981,31,117,148
2011-02-16 06:00:00,1,0,1,1,8.2,9.85,55,15.0013,1,32,33
2011-06-08 10:00:00,2,0,1,1,33.62,37.12,43,15.0013,27,63,90
2012-12-11 15:00:00,4,0,1,2,15.58,19.695,50,15.0013,20,250,270
2012-07-10 01:00:00,3,0,1,1,28.7,33.335,74,8.9981,0,15,15
2012-08-11 04:00:00,3,0,0,1,25.42,28.79,83,7.0015,3,7,10
2011-06-04 15:00:00,2,0,0,2,30.34,32.575,27,27.9993,180,224,404
2011-09-06 06:00:00,3,0,1,2,22.14,25.76,88,22.0028,0,72,72
2011-11-06 15:00:00,4,0,0,1,19.68,23.485,51,12.998,96,210,306
2012-04-17 22:00:00,2,0,1,1,22.14,25.76,30,16.9979,18,144,162
2011-07-08 05:00:00,3,0,1,1,27.88,31.82,79,16.9979,3,24,27
2012-09-18 15:00:00,3,0,1,3,24.6,27.275,88,16.9979,1,35,36
2011-02-17 05:00:00,1,0,1,1,13.12,16.665,66,6.0032,1,11,12
2012-10-14 19:00:00,4,0,0,1,22.96,26.515,64,15.0013,68,268,336
2012-07-18 22:00:00,3,0,1,1,31.16,35.605,58,6.0032,42,246,288
2012-12-11 19:00:00,4,0,1,1,13.12,15.15,53,15.0013,21,412,433
2012-02-18 03:00:00,1,0,0,1,11.48,14.395,65,7.0015,3,15,18
2012-09-16 22:00:00,3,0,0,1,22.96,26.515,68,6.0032,18,109,127
2012-04-08 18:00:00,2,0,0,1,25.42,30.305,25,22.0028,151,159,310
2012-02-13 19:00:00,1,0,1,1,13.94,16.665,25,8.9981,7,256,263
2011-12-05 04:00:00,4,0,1,1,12.3,15.91,87,7.0015,0,7,7
2012-10-08 05:00:00,4,1,0,1,13.94,15.91,76,15.0013,2,17,19
2011-09-15 00:00:00,3,0,1,1,26.24,30.305,69,8.9981,3,34,37
2012-07-09 05:00:00,3,0,1,2,27.06,30.305,83,15.0013,1,27,28
2012-03-06 02:00:00,1,0,1,1,8.2,9.85,44,15.0013,0,4,4
2011-12-07 19:00:00,4,0,1,3,13.94,14.395,87,43.0006,2,31,33
2011-09-09 10:00:00,3,0,1,2,25.42,25.76,100,0,2,27,29
2011-05-03 08:00:00,2,0,1,2,22.96,26.515,83,19.0012,24,435,459
2011-07-15 04:00:00,3,0,1,1,24.6,29.545,73,11.0014,2,8,10
2012-09-06 11:00:00,3,0,1,3,28.7,33.335,84,11.0014,10,52,62
2012-12-13 01:00:00,4,0,1,2,11.48,12.88,52,19.0012,4,19,23
2011-10-13 14:00:00,4,0,1,1,27.06,30.305,78,12.998,22,111,133
2011-05-16 14:00:00,2,0,1,1,27.88,31.82,51,0,76,117,193
2011-05-03 05:00:00,2,0,1,1,21.32,25,88,8.9981,0,14,14
2011-04-19 17:00:00,2,0,1,1,22.96,26.515,60,7.0015,39,372,411
2011-04-11 00:00:00,2,0,1,1,19.68,23.485,88,22.0028,7,16,23
2012-01-02 08:00:00,1,1,0,1,9.84,11.365,35,16.9979,2,51,53
2011-04-17 12:00:00,2,0,0,1,18.86,22.725,38,26.0027,167,187,354
2011-05-16 21:00:00,2,0,1,1,23.78,27.275,83,0,28,149,177
2012-07-15 18:00:00,3,0,0,3,29.52,34.85,79,23.9994,84,228,312
2012-03-17 01:00:00,1,0,0,2,18.04,21.97,94,0,12,57,69
2011-01-16 05:00:00,1,0,0,2,10.66,12.88,56,11.0014,1,1,2
2011-04-13 23:00:00,2,0,1,1,16.4,20.455,71,8.9981,5,57,62
2012-11-08 11:00:00,4,0,1,1,14.76,16.665,29,26.0027,16,155,171
2011-12-01 02:00:00,4,0,1,1,10.66,11.365,56,19.9995,1,8,9
2012-07-12 04:00:00,3,0,1,1,26.24,30.305,73,7.0015,0,5,5
2011-04-01 03:00:00,2,0,1,2,9.84,11.365,93,16.9979,0,4,4
2012-01-18 21:00:00,1,0,1,1,8.2,8.335,40,27.9993,5,119,124
2011-04-02 10:00:00,2,0,0,2,14.76,17.425,57,11.0014,41,113,154
2012-03-06 04:00:00,1,0,1,1,7.38,8.335,51,19.9995,0,3,3
2011-10-06 08:00:00,4,0,1,1,18.04,21.97,62,11.0014,20,437,457
2012-04-04 11:00:00,2,0,1,2,24.6,31.06,43,23.9994,61,152,213
2012-02-09 03:00:00,1,0,1,1,9.02,10.605,80,19.0012,0,4,4
2011-10-07 01:00:00,4,0,1,1,18.04,21.97,88,0,3,25,28
2011-10-18 05:00:00,4,0,1,2,18.86,22.725,88,0,2,19,21
2012-01-02 01:00:00,1,1,0,1,14.76,16.665,43,27.9993,1,11,12
2012-11-16 17:00:00,4,0,1,1,14.76,17.425,46,12.998,41,539,580
2011-08-11 03:00:00,3,0,1,1,26.24,31.06,57,8.9981,2,7,9
2012-04-02 13:00:00,2,0,1,1,18.86,22.725,36,19.9995,97,184,281
2012-03-09 12:00:00,1,0,1,1,14.76,16.665,34,27.9993,27,174,201
2011-08-15 15:00:00,3,0,1,3,30.34,34.09,55,19.9995,49,133,182
2011-10-04 12:00:00,4,0,1,1,22.96,26.515,56,19.9995,39,160,199
2011-12-02 03:00:00,4,0,1,1,9.02,13.635,80,0,0,1,1
2011-11-16 12:00:00,4,0,1,3,18.86,22.725,100,0,5,49,54
2012-05-17 00:00:00,2,0,1,1,24.6,28.79,78,8.9981,30,49,79
2012-01-05 10:00:00,1,0,1,2,9.84,12.88,52,6.0032,5,81,86
2011-03-02 14:00:00,1,0,1,1,21.32,25,23,19.9995,21,75,96
2012-11-10 20:00:00,4,0,0,1,18.04,21.97,54,0,39,153,192
2011-03-11 23:00:00,1,0,1,1,12.3,14.395,52,16.9979,3,34,37
2011-08-05 00:00:00,3,0,1,1,27.06,31.06,74,7.0015,13,41,54
2012-02-01 23:00:00,1,0,1,1,18.86,22.725,63,6.0032,22,75,97
2012-08-03 14:00:00,3,0,1,2,35.26,39.395,44,16.9979,102,229,331
2011-08-13 09:00:00,3,0,0,2,28.7,33.335,74,11.0014,70,138,208
2011-02-12 20:00:00,1,0,0,1,10.66,12.88,41,15.0013,1,39,40
2011-11-12 08:00:00,4,0,0,1,10.66,12.88,70,12.998,14,87,101
2012-08-08 16:00:00,3,0,1,2,32.8,37.12,49,19.0012,113,328,441
2011-10-13 11:00:00,4,0,1,2,25.42,28.79,83,0,8,76,84
2012-06-01 07:00:00,2,0,1,2,26.24,28.79,89,12.998,33,369,402
2011-03-08 07:00:00,1,0,1,1,7.38,9.85,64,8.9981,9,119,128
2011-10-06 21:00:00,4,0,1,1,18.86,22.725,88,6.0032,34,161,195
2011-12-09 11:00:00,4,0,1,1,13.12,15.15,70,16.9979,15,121,136
2012-10-15 17:00:00,4,0,1,1,22.96,26.515,64,16.9979,96,670,766
2012-10-17 11:00:00,4,0,1,2,20.5,24.24,51,6.0032,78,156,234
2012-05-08 20:00:00,2,0,1,2,26.24,30.305,69,19.0012,40,262,302
2011-06-07 08:00:00,2,0,1,2,27.88,31.82,61,8.9981,45,432,477
2012-09-16 04:00:00,3,0,0,1,20.5,24.24,72,0,2,6,8
2012-06-02 04:00:00,2,0,0,1,22.14,25.76,68,19.0012,2,11,13
2012-08-15 13:00:00,3,0,1,2,31.98,35.605,49,12.998,88,206,294
2012-07-02 14:00:00,3,0,1,1,35.26,37.88,34,15.0013,79,151,230
2012-11-02 13:00:00,4,0,1,1,16.4,20.455,43,23.9994,64,230,294
2012-05-17 13:00:00,2,0,1,1,25.42,31.06,41,12.998,86,241,327
2011-11-04 01:00:00,4,0,1,2,16.4,20.455,82,0,1,16,17
2012-12-17 23:00:00,4,0,1,3,17.22,21.21,94,15.0013,6,41,47
2012-02-08 22:00:00,1,0,1,2,9.84,12.12,87,8.9981,3,95,98
2012-09-19 02:00:00,3,0,1,2,22.14,25.76,64,22.0028,0,3,3
2012-11-07 07:00:00,4,0,1,2,10.66,11.365,56,19.9995,5,314,319
2011-10-10 21:00:00,4,1,0,1,22.96,26.515,88,6.0032,27,148,175
2012-04-10 23:00:00,2,0,1,1,14.76,16.665,40,27.9993,14,48,62
2012-09-12 15:00:00,3,0,1,1,29.52,32.575,37,8.9981,75,243,318
2011-11-03 22:00:00,4,0,1,1,16.4,20.455,82,0,21,116,137
2011-09-18 00:00:00,3,0,0,1,18.86,22.725,77,15.0013,24,88,112
2012-10-14 14:00:00,4,0,0,1,27.06,31.06,39,27.9993,249,368,617
2012-12-13 00:00:00,4,0,1,2,11.48,13.635,52,15.0013,1,31,32
2012-11-04 17:00:00,4,0,0,1,14.76,17.425,43,12.998,57,270,327
2012-06-14 00:00:00,2,0,1,1,24.6,31.06,53,19.9995,3,45,48
2012-11-01 14:00:00,4,0,1,2,16.4,20.455,50,15.0013,31,154,185
2012-10-03 20:00:00,4,0,1,1,28.7,32.575,65,0,48,449,497
2011-08-15 23:00:00,3,0,1,1,26.24,30.305,69,15.0013,11,77,88
2011-11-07 12:00:00,4,0,1,1,18.86,22.725,67,0,21,158,179
2011-02-01 07:00:00,1,0,1,3,6.56,11.365,93,0,0,52,52
2011-12-17 20:00:00,4,0,0,1,9.02,10.605,69,16.9979,7,99,106
2012-09-11 22:00:00,3,0,1,1,22.96,26.515,64,7.0015,27,189,216
2011-02-06 16:00:00,1,0,0,1,13.94,17.425,49,7.0015,42,115,157
2012-08-05 10:00:00,3,0,0,1,32.8,38.635,59,27.9993,111,253,364
2012-09-17 15:00:00,3,0,1,2,26.24,30.305,65,16.9979,82,256,338
2012-12-02 15:00:00,4,0,0,1,18.04,21.97,67,8.9981,106,311,417
2012-05-11 19:00:00,2,0,1,1,26.24,30.305,23,16.9979,73,430,503
2012-06-16 03:00:00,2,0,0,1,22.96,26.515,60,6.0032,8,19,27
2012-06-05 18:00:00,2,0,1,1,24.6,31.06,43,12.998,111,679,790
2011-03-06 07:00:00,1,0,0,3,17.22,21.21,100,30.0026,0,5,5
2012-09-15 02:00:00,3,0,0,1,23.78,27.275,78,7.0015,18,75,93
2012-03-13 14:00:00,1,0,1,1,26.24,31.06,53,22.0028,52,160,212
2012-11-13 02:00:00,4,0,1,3,14.76,15.91,87,30.0026,7,4,11
2012-07-06 12:00:00,3,0,1,1,36.08,37.88,28,7.0015,111,220,331
2012-09-18 16:00:00,3,0,1,3,24.6,27.275,88,19.9995,19,122,141
2012-07-18 12:00:00,3,0,1,1,37.72,43.18,37,8.9981,36,166,202
2012-08-15 15:00:00,3,0,1,1,31.16,34.85,52,16.9979,70,196,266
2012-07-16 08:00:00,3,0,1,1,30.34,34.85,66,7.0015,48,619,667
2012-11-04 23:00:00,4,0,0,2,12.3,15.15,56,11.0014,12,41,53
2012-03-03 06:00:00,1,0,0,2,14.76,18.18,93,6.0032,1,6,7
2012-04-18 09:00:00,2,0,1,3,19.68,23.485,44,19.9995,20,245,265
2011-08-09 02:00:00,3,0,1,1,29.52,34.09,70,0,9,3,12
2012-09-12 05:00:00,3,0,1,1,20.5,24.24,72,6.0032,4,44,48
2012-03-16 14:00:00,1,0,1,2,19.68,23.485,72,0,56,146,202
2012-11-08 21:00:00,4,0,1,1,14.76,16.665,37,26.0027,11,222,233
2012-06-19 11:00:00,2,0,1,1,27.06,31.06,69,8.9981,56,174,230
2011-08-19 02:00:00,3,0,1,3,26.24,28.79,83,0,0,8,8
2012-06-02 21:00:00,2,0,0,1,24.6,31.06,40,7.0015,96,220,316
2012-04-15 01:00:00,2,0,0,2,22.14,25.76,56,11.0014,17,89,106
2011-12-19 01:00:00,4,0,1,1,7.38,10.605,80,6.0032,3,8,11
2011-09-02 00:00:00,3,0,1,1,26.24,30.305,65,12.998,6,58,64
2012-09-07 04:00:00,3,0,1,1,25.42,28.03,88,0,1,7,8
2012-08-18 07:00:00,3,0,0,1,24.6,28.03,83,15.0013,12,52,64
2012-12-02 23:00:00,4,0,0,2,17.22,21.21,82,8.9981,7,44,51
2012-07-08 12:00:00,3,0,0,1,37.72,44.695,42,12.998,105,271,376
2012-05-14 21:00:00,2,0,1,2,23.78,27.275,83,6.0032,7,145,152
2011-10-05 22:00:00,4,0,1,1,21.32,25,72,0,20,134,154
2012-05-10 07:00:00,2,0,1,1,18.04,21.97,72,19.9995,8,393,401
2011-02-14 14:00:00,1,0,1,1,24.6,29.545,15,32.9975,14,76,90
2011-08-13 07:00:00,3,0,0,2,27.06,31.06,74,12.998,10,34,44
2012-12-07 21:00:00,4,0,1,2,14.76,18.18,93,7.0015,9,162,171
2012-06-04 20:00:00,2,0,1,1,24.6,31.06,40,23.9994,71,390,461
2012-03-17 08:00:00,1,0,0,2,17.22,21.21,94,7.0015,63,155,218
2011-09-18 12:00:00,3,0,0,1,22.14,25.76,64,8.9981,135,229,364
2012-09-10 02:00:00,3,0,1,1,22.14,25.76,60,23.9994,11,6,17
2012-07-17 22:00:00,3,0,1,1,32.8,37.88,55,15.0013,29,215,244
2012-08-13 19:00:00,3,0,1,1,30.34,34.09,58,11.0014,88,467,555
2011-03-12 17:00:00,1,0,0,1,18.86,22.725,44,22.0028,99,114,213
2011-11-02 15:00:00,4,0,1,1,19.68,23.485,51,11.0014,26,161,187
2012-06-01 11:00:00,2,0,1,2,28.7,33.335,74,19.0012,42,193,235
2011-08-16 10:00:00,3,0,1,1,28.7,32.575,58,26.0027,28,83,111
2012-02-09 01:00:00,1,0,1,2,9.84,12.12,87,8.9981,2,10,12
2011-03-04 02:00:00,1,0,1,2,7.38,9.09,64,12.998,0,2,2
2011-08-14 08:00:00,3,0,0,2,27.06,29.545,89,19.0012,20,21,41
2011-03-16 01:00:00,1,0,1,3,12.3,13.635,100,19.9995,1,2,3
2012-09-19 19:00:00,3,0,1,1,22.96,26.515,43,15.0013,72,539,611
2011-03-17 11:00:00,1,0,1,1,18.04,21.97,54,19.0012,20,66,86
2012-07-15 06:00:00,3,0,0,1,27.88,31.82,83,8.9981,6,9,15
2012-01-04 20:00:00,1,0,1,2,8.2,9.85,40,12.998,2,121,123
2011-02-07 03:00:00,1,0,1,1,8.2,12.88,86,0,0,1,1
2012-12-02 11:00:00,4,0,0,2,13.12,15.91,81,11.0014,81,274,355
2012-02-05 20:00:00,1,0,0,1,11.48,13.635,56,12.998,3,47,50
2011-02-03 23:00:00,1,0,1,1,8.2,11.365,47,7.0015,4,34,38
2011-02-19 09:00:00,1,0,0,1,16.4,20.455,16,43.9989,18,37,55
2012-02-17 09:00:00,1,0,1,2,10.66,15.15,100,0,8,275,283
2012-07-09 07:00:00,3,0,1,3,27.06,30.305,83,15.0013,7,223,230
2011-08-04 21:00:00,3,0,1,2,28.7,33.335,74,12.998,25,186,211
2011-12-01 03:00:00,4,0,1,1,10.66,12.12,56,16.9979,1,6,7
2011-09-03 23:00:00,3,0,0,1,27.06,31.06,85,8.9981,46,77,123
2011-10-06 07:00:00,4,0,1,1,17.22,21.21,62,12.998,15,287,302
2011-01-09 04:00:00,1,0,0,1,3.28,4.545,53,12.998,0,1,1
2011-07-05 09:00:00,3,0,1,1,30.34,34.09,58,8.9981,50,177,227
2012-05-13 02:00:00,2,0,0,2,22.14,25.76,68,11.0014,22,60,82
2012-01-18 07:00:00,1,0,1,1,13.12,14.395,42,23.9994,1,262,263
2011-11-08 03:00:00,4,0,1,1,13.12,17.425,87,0,0,3,3
2011-04-19 02:00:00,2,0,1,1,18.86,22.725,67,19.0012,8,5,13
2012-07-04 06:00:00,3,1,0,1,27.06,31.06,69,0,9,23,32
2012-08-11 22:00:00,3,0,0,2,27.06,29.545,89,11.0014,40,128,168
2011-11-12 02:00:00,4,0,0,1,9.84,12.88,65,6.0032,7,39,46
2011-08-04 02:00:00,3,0,1,2,27.06,29.545,94,6.0032,2,5,7
2012-06-12 03:00:00,2,0,1,2,27.06,31.06,69,16.9979,3,9,12
2012-02-18 19:00:00,1,0,0,1,18.04,21.97,44,11.0014,38,150,188
2012-07-09 13:00:00,3,0,1,2,31.16,34.85,55,16.9979,67,188,255
2011-08-14 02:00:00,3,0,0,3,26.24,28.79,89,15.0013,13,49,62
2012-05-08 16:00:00,2,0,1,3,26.24,30.305,73,15.0013,54,335,389
2011-12-11 15:00:00,4,0,0,1,12.3,16.665,26,0,47,219,266
2012-10-12 14:00:00,4,0,1,1,22.96,26.515,37,31.0009,109,262,371
2011-07-08 03:00:00,3,0,1,1,27.88,31.82,79,7.0015,2,4,6
2012-05-12 05:00:00,2,0,0,1,17.22,21.21,67,8.9981,5,8,13
2012-08-08 17:00:00,3,0,1,2,32.8,37.88,55,19.0012,107,751,858
2012-10-14 06:00:00,4,0,0,1,16.4,20.455,82,11.0014,4,20,24
2012-04-07 06:00:00,2,0,0,1,13.12,15.91,36,12.998,1,18,19
2011-07-16 07:00:00,3,0,0,1,25.42,29.545,73,8.9981,14,38,52
2011-09-17 16:00:00,3,0,0,1,22.14,25.76,68,16.9979,116,189,305
2012-03-10 23:00:00,1,0,0,1,10.66,12.88,41,12.998,6,77,83
2011-05-17 05:00:00,2,0,1,3,21.32,25,94,16.9979,0,22,22
2012-06-09 15:00:00,2,0,0,1,34.44,35.605,20,19.9995,218,337,555
2012-01-15 22:00:00,1,0,0,1,7.38,10.605,37,6.0032,2,58,60
2012-04-01 05:00:00,2,0,0,2,13.94,17.425,81,6.0032,8,10,18
2012-10-14 23:00:00,4,0,0,2,22.96,26.515,68,19.0012,27,78,105
2012-05-16 22:00:00,2,0,1,1,26.24,30.305,73,11.0014,33,253,286
2011-10-16 19:00:00,4,0,0,1,22.14,25.76,52,26.0027,52,181,233
2011-07-17 09:00:00,3,0,0,1,29.52,33.335,58,15.0013,74,110,184
2012-02-19 03:00:00,1,0,0,2,12.3,14.395,36,15.0013,3,12,15
2011-02-08 00:00:00,1,0,1,2,11.48,15.91,87,0,4,6,10
2011-06-13 09:00:00,2,0,1,1,25.42,31.06,46,23.9994,35,189,224
2011-03-16 11:00:00,1,0,1,2,14.76,17.425,81,8.9981,13,62,75
2011-08-07 08:00:00,3,0,0,1,29.52,34.85,79,12.998,23,66,89
2011-07-03 13:00:00,3,0,0,1,32.8,38.635,59,15.0013,248,173,421
2011-11-08 22:00:00,4,0,1,1,14.76,18.94,87,0,13,95,108
2012-03-13 08:00:00,1,0,1,1,18.86,22.725,82,19.0012,22,571,593
2012-11-12 09:00:00,4,1,0,1,18.04,21.97,88,7.0015,60,337,397
2011-04-13 16:00:00,2,0,1,1,18.86,22.725,67,19.0012,23,119,142
2012-10-05 12:00:00,4,0,1,1,29.52,32.575,42,11.0014,161,307,468
2011-07-17 15:00:00,3,0,0,1,33.62,37.12,43,19.9995,129,195,324
2011-11-09 19:00:00,4,0,1,1,18.04,21.97,72,7.0015,12,292,304
2011-04-09 23:00:00,2,0,0,2,15.58,19.695,87,6.0032,12,45,57
2012-07-17 06:00:00,3,0,1,1,29.52,34.09,66,7.0015,16,197,213
2011-06-07 22:00:00,2,0,1,1,28.7,32.575,65,8.9981,27,126,153
2011-09-10 21:00:00,3,0,0,1,26.24,29.545,78,6.0032,59,171,230
2011-10-08 07:00:00,4,0,0,1,17.22,21.21,94,6.0032,27,46,73
2012-05-10 06:00:00,2,0,1,1,18.04,21.97,72,15.0013,9,130,139
2012-05-07 06:00:00,2,0,1,1,18.86,22.725,88,7.0015,8,134,142
2011-02-18 20:00:00,1,0,1,1,24.6,31.06,31,12.998,19,105,124
2012-07-03 21:00:00,3,0,1,2,28.7,32.575,70,19.0012,36,160,196
2012-05-16 10:00:00,2,0,1,1,27.06,31.06,61,0,43,149,192
2011-06-13 07:00:00,2,0,1,1,22.96,26.515,56,23.9994,26,302,328
2011-01-01 23:00:00,1,0,0,2,18.86,22.725,88,19.9995,15,24,39
2011-06-05 13:00:00,2,0,0,1,27.06,31.06,65,7.0015,154,213,367
2011-11-17 19:00:00,4,0,1,1,12.3,14.395,45,15.0013,7,210,217
2012-09-04 08:00:00,3,0,1,1,28.7,33.335,84,11.0014,15,617,632
2011-02-12 23:00:00,1,0,0,1,9.02,11.365,51,8.9981,1,31,32
2011-04-18 12:00:00,2,0,1,2,22.96,26.515,49,6.0032,60,124,184
2012-01-10 22:00:00,1,0,1,1,12.3,15.15,70,6.0032,10,104,114
2011-04-17 14:00:00,2,0,0,1,21.32,25,34,26.0027,170,191,361
2011-06-11 01:00:00,2,0,0,1,28.7,33.335,79,6.0032,10,67,77
2011-09-02 01:00:00,3,0,1,3,25.42,29.545,73,7.0015,4,28,32
2012-12-03 21:00:00,4,0,1,1,18.04,21.97,82,12.998,14,207,221
2012-11-19 19:00:00,4,0,1,2,16.4,20.455,58,19.0012,25,381,406
2011-08-16 14:00:00,3,0,1,1,31.16,34.09,45,27.9993,65,117,182
2012-01-13 02:00:00,1,0,1,1,16.4,20.455,76,23.9994,1,13,14
2012-12-02 18:00:00,4,0,0,2,18.04,21.97,72,7.0015,25,178,203
2011-10-18 18:00:00,4,0,1,1,22.96,26.515,68,7.0015,58,512,570
2012-04-09 04:00:00,2,0,1,1,18.04,21.97,24,12.998,2,3,5
2011-02-04 20:00:00,1,0,1,2,9.84,12.12,65,11.0014,2,69,71
2011-09-14 06:00:00,3,0,1,1,23.78,27.275,88,7.0015,7,138,145
2012-04-13 18:00:00,2,0,1,1,22.14,25.76,26,8.9981,107,564,671
2012-02-11 18:00:00,1,0,0,2,9.02,9.09,47,43.9989,3,105,108
2011-11-07 04:00:00,4,0,1,1,13.12,17.425,93,0,2,4,6
2011-08-15 19:00:00,3,0,1,1,28.7,32.575,65,0,54,343,397
2011-10-03 02:00:00,4,0,1,1,14.76,18.18,76,7.0015,0,4,4
2012-12-19 22:00:00,4,0,1,1,13.94,17.425,61,6.0032,12,117,129
2012-11-06 05:00:00,4,0,1,2,9.02,11.365,64,12.998,1,40,41
2011-09-01 12:00:00,3,0,1,2,29.52,33.335,51,8.9981,64,165,229
2012-10-10 02:00:00,4,0,1,2,18.86,22.725,88,0,2,6,8
2011-08-09 00:00:00,3,0,1,1,29.52,34.85,79,8.9981,10,25,35
2012-06-04 01:00:00,2,0,1,3,22.96,26.515,60,11.0014,4,10,14
2012-11-14 12:00:00,4,0,1,1,13.94,16.665,46,0,40,200,240
2012-07-10 12:00:00,3,0,1,1,32.8,35.605,41,8.9981,69,203,272
2011-01-01 00:00:00,1,0,0,1,9.84,14.395,81,0,3,13,16
2011-08-05 05:00:00,3,0,1,1,26.24,29.545,78,6.0032,0,16,16
2012-02-02 21:00:00,1,0,1,1,13.94,15.15,46,27.9993,4,144,148
2012-03-18 01:00:00,1,0,0,1,18.86,22.725,82,8.9981,25,88,113
2011-11-11 03:00:00,4,1,0,1,12.3,14.395,61,12.998,0,6,6
2011-05-01 15:00:00,2,0,0,2,20.5,24.24,72,0,113,153,266
2011-09-11 22:00:00,3,0,0,1,25.42,30.305,69,26.0027,21,74,95
2011-07-18 07:00:00,3,0,1,1,27.88,31.82,74,15.0013,22,255,277
2011-09-07 17:00:00,3,0,1,3,26.24,28.79,89,0,21,264,285
2012-11-05 00:00:00,4,0,1,2,12.3,14.395,56,12.998,3,20,23
2011-05-14 10:00:00,2,0,0,2,21.32,25,94,11.0014,34,133,167
2012-03-05 22:00:00,1,0,1,1,9.84,10.605,35,22.0028,2,76,78
2011-07-12 03:00:00,3,0,1,2,28.7,33.335,79,0,2,6,8
2011-03-12 21:00:00,1,0,0,1,15.58,19.695,62,0,36,46,82
2012-08-10 22:00:00,3,0,1,1,29.52,34.85,74,19.0012,50,168,218
2011-11-10 17:00:00,4,0,1,3,14.76,17.425,81,15.0013,9,168,177
2011-08-04 10:00:00,3,0,1,1,29.52,33.335,71,19.9995,24,89,113
2011-10-15 21:00:00,4,0,0,1,20.5,24.24,42,15.0013,53,115,168
2011-06-09 14:00:00,2,0,1,1,37.72,43.94,40,12.998,25,93,118
2011-06-16 23:00:00,2,0,1,3,24.6,28.03,83,16.9979,2,14,16
2012-09-04 04:00:00,3,0,1,2,27.06,29.545,89,0,0,8,8
2012-03-05 13:00:00,1,0,1,2,10.66,12.88,55,19.9995,11,109,120
2012-08-03 05:00:00,3,0,1,1,27.06,30.305,83,11.0014,2,35,37
2012-02-02 03:00:00,1,0,1,2,17.22,21.21,67,8.9981,0,2,2
2011-02-05 18:00:00,1,0,0,2,11.48,12.12,93,30.0026,2,81,83
2011-08-18 17:00:00,3,0,1,3,32.8,36.365,46,19.9995,44,365,409
2011-02-15 11:00:00,1,0,1,1,10.66,12.12,25,16.9979,11,46,57
2011-08-13 05:00:00,3,0,0,1,26.24,30.305,73,7.0015,3,15,18
2012-02-15 22:00:00,1,0,1,1,13.94,17.425,49,7.0015,3,104,107
2011-02-09 00:00:00,1,0,1,1,4.1,3.79,36,23.9994,0,17,17
2011-08-19 20:00:00,3,0,1,3,25.42,28.79,83,19.9995,12,46,58
2011-05-02 19:00:00,2,0,1,2,25.42,30.305,69,8.9981,46,268,314
2011-09-08 23:00:00,3,0,1,3,25.42,25.76,100,6.0032,0,26,26
2012-09-15 09:00:00,3,0,0,1,24.6,31.06,43,27.9993,79,263,342
2012-10-19 17:00:00,4,0,1,3,25.42,30.305,69,23.9994,48,377,425
2012-05-15 07:00:00,2,0,1,3,22.96,26.515,94,8.9981,1,91,92
2012-01-11 13:00:00,1,0,1,3,13.12,17.425,76,0,8,57,65
2011-09-11 15:00:00,3,0,0,1,30.34,33.335,51,19.9995,134,270,404
2011-12-08 08:00:00,4,0,1,1,9.02,10.605,55,19.0012,11,418,429
2011-09-10 20:00:00,3,0,0,1,27.06,31.06,69,7.0015,78,167,245
2011-08-15 14:00:00,3,0,1,1,30.34,34.09,55,6.0032,56,95,151
2012-04-03 22:00:00,2,0,1,1,20.5,24.24,51,0,25,133,158
2012-06-03 07:00:00,2,0,0,1,20.5,24.24,68,7.0015,6,29,35
2011-11-08 08:00:00,4,0,1,1,13.12,16.665,93,7.0015,11,455,466
2012-10-06 01:00:00,4,0,0,1,22.96,26.515,83,16.9979,25,116,141
2012-05-09 15:00:00,2,0,1,2,26.24,31.06,53,7.0015,68,191,259
2012-07-12 11:00:00,3,0,1,1,31.16,34.09,45,7.0015,49,166,215
2011-05-06 00:00:00,2,0,1,1,18.04,21.97,44,11.0014,13,43,56
2011-12-13 08:00:00,4,0,1,1,8.2,11.365,69,7.0015,9,391,400
2012-03-13 19:00:00,1,0,1,1,26.24,31.06,47,15.0013,50,429,479
2012-10-07 06:00:00,4,0,0,2,18.04,21.97,54,12.998,4,19,23
2012-02-14 10:00:00,1,0,1,2,10.66,13.635,60,8.9981,8,90,98
2012-02-01 17:00:00,1,0,1,1,23.78,27.275,43,12.998,31,508,539
2012-08-14 12:00:00,3,0,1,1,31.98,35.605,49,8.9981,93,207,300
2012-03-19 01:00:00,1,0,1,1,18.86,22.725,88,7.0015,0,15,15
2011-11-14 10:00:00,4,0,1,2,20.5,24.24,63,19.0012,26,85,111
2012-08-06 06:00:00,3,0,1,2,28.7,33.335,79,15.0013,4,137,141
2011-06-16 16:00:00,2,0,1,3,27.06,31.06,69,12.998,36,258,294
2012-02-02 02:00:00,1,0,1,2,17.22,21.21,67,8.9981,2,7,9
2012-02-03 17:00:00,1,0,1,1,16.4,20.455,37,6.0032,30,458,488
2012-06-07 20:00:00,2,0,1,1,27.06,31.06,36,19.9995,76,402,478
2012-06-07 15:00:00,2,0,1,1,30.34,32.575,30,0,99,234,333
2011-05-06 16:00:00,2,0,1,1,24.6,31.06,40,16.9979,82,262,344
2012-10-16 05:00:00,4,0,1,1,17.22,21.21,67,16.9979,5,47,52
2011-12-04 22:00:00,4,0,0,1,13.94,17.425,87,7.0015,5,59,64
2011-05-18 05:00:00,2,0,1,1,21.32,25,100,15.0013,0,9,9
2011-09-01 09:00:00,3,0,1,1,26.24,30.305,69,7.0015,29,178,207
2012-07-04 18:00:00,3,1,0,1,36.9,42.425,42,12.998,159,271,430
2012-04-15 19:00:00,2,0,0,1,28.7,31.82,42,16.9979,114,265,379
2011-08-02 01:00:00,3,0,1,1,27.06,31.06,74,7.0015,4,8,12
